ID_SAEB;DISCIPLINA;ID_SERIE;BLOCO;POSICAO;ID_ITEM;NU_DESCRITOR_HABILIDADE;GABARITO;TIPO_ITEM;ITEM_MODELO;A;B;C;B1;B2
2021;MT;2;1;1;112922;N2.1;A/B;Resposta Construída;MRG;139.248;;;-0.92045;-0.0684
2021;MT;2;1;1;117318;M1.1;D;Resposta Objetiva;M3PL;0.89242;-314.373;0.13876;;
2021;MT;2;1;2;117126;E1.2;C;Resposta Objetiva;M3PL;12.869;-178.058;0.09581;;
2021;MT;2;1;3;117163;N2.1;C;Resposta Objetiva;M3PL;13.554;-0.98313;0.17455;;
2021;MT;2;1;4;117254;N2.2;B;Resposta Objetiva;M3PL;144.873;-0.15706;0.23968;;
2021;MT;2;1;5;119465;G1.1;D;Resposta Objetiva;M3PL;0.9042;-0.67338;0.35288;;
2021;MT;2;1;6;115996;M1.1;B;Resposta Objetiva;M3PL;125.391;-0.40568;0.26818;;
2021;MT;2;1;7;116175;E1.1;A;Resposta Objetiva;M3PL;120.714;176.735;0.26597;;
2021;MT;2;1;8;115396;M1.4;C;Resposta Objetiva;M3PL;114.506;-0.67584;0.21468;;
2021;MT;2;1;9;115398;A1.1;C;Resposta Objetiva;M3PL;143.725;0.03243;0.21142;;
2021;MT;2;2;1;112880;N2.2;A;Resposta Construída;MRG;131.258;;;-0.73325;
2021;MT;2;2;1;117308;E1.2;C;Resposta Objetiva;M3PL;13.436;-261.546;0.12847;;
2021;MT;2;2;2;115919;N1.2;C;Resposta Objetiva;M3PL;125.838;-161.015;0.0609;;
2021;MT;2;2;3;117160;M1.6;D;Resposta Objetiva;M3PL;152.567;-117.974;0.08964;;
2021;MT;2;2;4;117125;G1.2;D;Resposta Objetiva;M3PL;0.85596;-0.89053;0.10636;;
2021;MT;2;2;5;113604;M1.2;B;Resposta Objetiva;M3PL;126.156;0.72301;0.15282;;
2021;MT;2;2;6;117128;A1.4;C;Resposta Objetiva;M3PL;224.335;0.53843;0.18598;;
2021;MT;2;2;7;117123;N2.1;A;Resposta Objetiva;M3PL;178.449;0.66739;0.25344;;
2021;MT;2;2;8;117173;N1.8;A;Resposta Objetiva;M3PL;1.93;0.02663;0.18997;;
2021;MT;2;2;9;114773;G1.1;A;Resposta Objetiva;M3PL;115.629;0.42794;0.32978;;
2021;MT;2;3;1;115934;E2.1;A/B;Resposta Construída;MRG;139.412;;;-117.012;-0.34633
2021;MT;2;3;1;117107;E1.3;C;Resposta Objetiva;M3PL;128.209;-194.715;0.0766;;
2021;MT;2;3;2;117235;N1.5;B;Resposta Objetiva;M3PL;151.363;-169.011;0.09859;;
2021;MT;2;3;3;117317;M1.1;C;Resposta Objetiva;M3PL;129.058;-207.654;0.1094;;
2021;MT;2;3;4;117152;G1.3;D;Resposta Objetiva;M3PL;103.672;-102.375;0.12279;;
2021;MT;2;3;5;117310;N2.2;D;Resposta Objetiva;M3PL;128.267;-127.073;0.08266;;
2021;MT;2;3;6;117212;N1.3;D;Resposta Objetiva;M3PL;198.224;0.23926;0.16353;;
2021;MT;2;3;7;117213;M1.7;B;Resposta Objetiva;M3PL;146.221;0.59455;0.33839;;
2021;MT;2;3;8;115981;N1.1;C;Resposta Objetiva;M3PL;119.474;0.10235;0.24823;;
2021;MT;2;3;9;114076;A1.3;A;Resposta Objetiva;M3PL;257.141;0.79284;0.34018;;
2021;MT;2;4;1;114430;N2.1;A/B;Resposta Construída;MRG;162.315;;;0.81414;115.469
2021;MT;2;4;1;117198;G1.3;A;Resposta Objetiva;M3PL;100.496;-30.114;0.22859;;
2021;MT;2;4;2;117131;N1.3;A;Resposta Objetiva;M3PL;167.536;-194.809;0.14698;;
2021;MT;2;4;3;117194;E1.3;C;Resposta Objetiva;M3PL;136.714;-175.487;0.08597;;
2021;MT;2;4;4;117155;N2.1;A;Resposta Objetiva;M3PL;168.081;-124.187;0.10888;;
2021;MT;2;4;5;117162;A1.4;C;Resposta Objetiva;M3PL;182.647;0.02339;0.26173;;
2021;MT;2;4;6;117110;M2.1;B;Resposta Objetiva;M3PL;212.333;0.37033;0.30158;;
2021;MT;2;4;7;117165;G1.2;D;Resposta Objetiva;M3PL;0.90003;0.17612;0.1872;;
2021;MT;2;4;8;117222;N1.6;B;Resposta Objetiva;M3PL;126.018;-131.789;0.0856;;
2021;MT;2;4;9;117154;M1.7;B;Resposta Objetiva;M3PL;17.626;-0.09431;0.3216;;
2021;MT;2;5;1;115997;E2.1;A/B;Resposta Construída;MRG;119.116;;;-168.063;-0.73157
2021;MT;2;5;1;117196;G1.2;A;Resposta Objetiva;M3PL;0.93243;-204.796;0.22053;;
2021;MT;2;5;2;117193;N2.1;B;Resposta Objetiva;M3PL;121.404;-145.751;0.21637;;
2021;MT;2;5;3;117166;M1.1;B;Resposta Objetiva;M3PL;10.329;-165.122;0.1936;;
2021;MT;2;5;4;117156;N1.7;C;Resposta Objetiva;M3PL;142.974;-0.55322;0.19479;;
2021;MT;2;5;5;117253;M2.1;D;Resposta Objetiva;M3PL;126.824;-0.32334;0.08746;;
2021;MT;2;5;6;114843;M2.2;C;Resposta Objetiva;M3PL;196.488;0.63074;0.14555;;
2021;MT;2;5;7;114074;A1.2;D;Resposta Objetiva;M3PL;114.681;0.22159;0.08883;;
2021;MT;2;5;8;117106;N1.3;B;Resposta Objetiva;M3PL;138.056;-0.95675;0.17617;;
2021;MT;2;5;9;116168;E1.1;A;Resposta Objetiva;M3PL;113.085;-0.17921;0.30831;;
2021;MT;2;6;1;116294;G2.1;A;Resposta Construída;MRG;11.468;;;-0.07366;
2021;MT;2;6;1;117220;G1.2;D;Resposta Objetiva;M3PL;113.579;-263.768;0.1546;;
2021;MT;2;6;2;117221;M1.4;A;Resposta Objetiva;M3PL;122.355;-162.069;0.17837;;
2021;MT;2;6;3;117201;M1.7;B;Resposta Objetiva;M3PL;180.522;-148.973;0.14538;;
2021;MT;2;6;4;117257;E1.3;C;Resposta Objetiva;M3PL;14.135;-0.97957;0.09787;;
2021;MT;2;6;5;117214;A1.4;B;Resposta Objetiva;M3PL;23.117;0.25428;0.20191;;
2021;MT;2;6;6;117219;N1.7;C;Resposta Objetiva;M3PL;16.085;-0.06524;0.20395;;
2021;MT;2;6;7;115625;M2.2;A;Resposta Objetiva;M3PL;184.587;0.59474;0.10016;;
2021;MT;2;6;8;117255;N1.3;A;Resposta Objetiva;M3PL;195.412;-133.548;0.23217;;
2021;MT;2;6;9;117197;N2.2;B;Resposta Objetiva;M3PL;125.535;0.0385;0.16115;;
2021;MT;2;7;1;116293;A1.4;A;Resposta Construída;MRG;161.737;;;0.17902;
2021;MT;2;7;1;117217;E1.3;C;Resposta Objetiva;M3PL;122.781;-280.529;0.12564;;
2021;MT;2;7;2;119577;M1.3;C;Resposta Objetiva;M3PL;150.976;-26.227;0.11727;;
2021;MT;2;7;3;117313;E1.2;B;Resposta Objetiva;M3PL;121.715;-213.735;0.08588;;
2021;MT;2;7;4;117167;G1.3;A;Resposta Objetiva;M3PL;158.227;-152.913;0.13219;;
2021;MT;2;7;5;117306;M1.6;D;Resposta Objetiva;M3PL;152.454;0.19438;0.16637;;
2021;MT;2;7;6;117256;M1.7;D;Resposta Objetiva;M3PL;184.113;0.36429;0.19138;;
2021;MT;2;7;7;117105;N1.5;A;Resposta Objetiva;M3PL;166.301;0.41745;0.26303;;
2021;MT;2;7;8;117129;N2.2;C;Resposta Objetiva;M3PL;200.247;-0.06608;0.31219;;
2021;MT;2;7;9;116006;N1.6;C;Resposta Objetiva;M3PL;145.814;0.20527;0.21444;;
2021;MT;5;1;1;28202;D1;B;Resposta Objetiva;M3P;0.91135;-202.491;0.19709;;
2021;MT;5;1;2;22404;D17;D;Resposta Objetiva;M3P;0.95566;-0.88038;0.13278;;
2021;MT;5;1;3;95297;D9;C;Resposta Objetiva;M3P;197.094;-0.87111;0.17608;;
2021;MT;5;1;4;95029;D27;C;Resposta Objetiva;M3P;0.90125;-214.817;0.00458;;
2021;MT;5;1;5;45382;D15;C;Resposta Objetiva;M3P;176.069;-0.79663;0.11171;;
2021;MT;5;1;6;96007;D7;B;Resposta Objetiva;M3P;103.413;-0.02881;0.19333;;
2021;MT;5;1;7;34780;D13;B;Resposta Objetiva;M3P;165.033;-0.83022;0.2177;;
2021;MT;5;1;8;29540;D24;A;Resposta Objetiva;M3P;0.92438;-0.78063;0.16941;;
2021;MT;5;1;9;95713;D26;A;Resposta Objetiva;M3P;216.368;-0.55483;0.16591;;
2021;MT;5;1;10;98336;D3;A;Resposta Objetiva;M3P;11.443;0.69458;0.20257;;
2021;MT;5;1;11;34802;D25;C;Resposta Objetiva;M3P;121.109;-0.95661;0.15183;;
2021;MT;5;2;1;95051;D2;D;Resposta Objetiva;M3P;102.226;-153.633;0.12072;;
2021;MT;5;2;2;22504;D22;B;Resposta Objetiva;M3P;108.577;-152.471;0.21219;;
2021;MT;5;2;3;95277;D8;C;Resposta Objetiva;M3P;118.878;-0.83867;0.19695;;
2021;MT;5;2;4;95043;D14;B;Resposta Objetiva;M3P;112.021;-153.812;0.00412;;
2021;MT;5;2;5;37932;D10;A;Resposta Objetiva;M3P;154.786;-0.84885;0.25491;;
2021;MT;5;2;6;95911;D12;D;Resposta Objetiva;M3P;0.86614;-0.35391;0.1568;;
2021;MT;5;2;7;28704;D18;A;Resposta Objetiva;M3P;0.95353;-0.05911;0.23801;;
2021;MT;5;2;8;22328;D16;A;Resposta Objetiva;M3P;162.831;-0.48601;0.20891;;
2021;MT;5;2;9;22393;D6;C;Resposta Objetiva;M3P;0.68954;-0.20473;0.19622;;
2021;MT;5;2;10;28709;D20;D;Resposta Objetiva;M3P;137.853;-0.11616;0.25766;;
2021;MT;5;2;11;70417;D4;X;Resposta Objetiva;M3P;;;;;
2021;MT;5;3;1;94983;D1;C;Resposta Objetiva;M3P;144.009;-198.124;0.14286;;
2021;MT;5;3;2;45760;D3;X;Resposta Objetiva;M3P;;;;;
2021;MT;5;3;3;96071;D13;D;Resposta Objetiva;M3P;0.95814;-134.487;0.17174;;
2021;MT;5;3;4;95325;D27;D;Resposta Objetiva;M3P;12.077;-176.738;0.00365;;
2021;MT;5;3;5;96128;D11;D;Resposta Objetiva;M3P;101.272;0.21307;0.23898;;
2021;MT;5;3;6;95376;D19;B;Resposta Objetiva;M3P;188.379;-11.398;0.08616;;
2021;MT;5;3;7;34835;D24;A;Resposta Objetiva;M3P;139.667;-0.22629;0.22918;;
2021;MT;5;3;8;34779;D15;C;Resposta Objetiva;M3P;220.842;-0.74165;0.20096;;
2021;MT;5;3;9;96036;D7;A;Resposta Objetiva;M3P;121.158;-0.73106;0.11936;;
2021;MT;5;3;10;95545;D28;D;Resposta Objetiva;M3P;115.017;-130.052;0.11188;;
2021;MT;5;3;11;45725;D21;B;Resposta Objetiva;M3P;104.981;-0.44899;0.269;;
2021;MT;5;4;1;95282;D10;B;Resposta Objetiva;M3P;0.90444;-131.259;0.15557;;
2021;MT;5;4;2;95372;D14;C;Resposta Objetiva;M3P;1.733;-131.378;0.2019;;
2021;MT;5;4;3;94896;D18;B;Resposta Objetiva;M3P;11.529;-0.71116;0.23686;;
2021;MT;5;4;4;95097;D16;C;Resposta Objetiva;M3P;103.096;-152.911;0.10494;;
2021;MT;5;4;5;95110;D8;B;Resposta Objetiva;M3P;130.283;-0.39137;0.21014;;
2021;MT;5;4;6;95122;D2;A;Resposta Objetiva;M3P;1.164;-0.13346;0.24907;;
2021;MT;5;4;7;95024;D20;A;Resposta Objetiva;M3P;17.692;-0.64468;0.12071;;
2021;MT;5;4;8;46033;D4;A;Resposta Objetiva;M3P;165.642;0.94461;0.23311;;
2021;MT;5;4;9;95593;D22;D;Resposta Objetiva;M3P;13.074;-0.12068;0.1102;;
2021;MT;5;4;10;96012;D12;C;Resposta Objetiva;M3P;0.43348;-0.89641;0.00731;;
2021;MT;5;4;11;45620;D6;B;Resposta Objetiva;M3P;0.81073;-0.90238;0.13388;;
2021;MT;5;5;1;46063;D19;A;Resposta Objetiva;M3P;140.783;-0.85545;0.20604;;
2021;MT;5;5;2;94898;D27;B;Resposta Objetiva;M3P;0.90255;-147.455;0.11764;;
2021;MT;5;5;3;34815;D3;A;Resposta Objetiva;M3P;0.74538;-10.182;0.21948;;
2021;MT;5;5;4;95065;D17;B;Resposta Objetiva;M3P;0.88327;-210.568;0.00407;;
2021;MT;5;5;5;95621;D23;A;Resposta Objetiva;M3P;149.923;-0.86796;0.11366;;
2021;MT;5;5;6;96101;D13;C;Resposta Objetiva;M3P;176.688;-0.84341;0.16641;;
2021;MT;5;5;7;28122;D28;B;Resposta Objetiva;M3P;142.723;-0.47622;0.22796;;
2021;MT;5;5;8;28463;D7;C;Resposta Objetiva;M3P;147.993;-0.42951;0.30412;;
2021;MT;5;5;9;96135;D11;D;Resposta Objetiva;M3P;105.219;-0.64739;0.1107;;
2021;MT;5;5;10;95976;D5;X;Resposta Objetiva;M3P;;;;;
2021;MT;5;5;11;45922;D21;C;Resposta Objetiva;M3P;110.264;-0.66535;0.29141;;
2021;MT;5;6;1;67464;D10;C;Resposta Objetiva;M3P;0.63335;-187.584;0.03894;;
2021;MT;5;6;2;70405;D6;A;Resposta Objetiva;M3P;125.811;-10.831;0.12031;;
2021;MT;5;6;3;95374;D14;B;Resposta Objetiva;M3P;1.349;-0.86312;0.17173;;
2021;MT;5;6;4;95073;D4;D;Resposta Objetiva;M3P;111.105;-0.65021;0.31376;;
2021;MT;5;6;5;95607;D2;B;Resposta Objetiva;M3P;0.91688;-0.39999;0.23925;;
2021;MT;5;6;6;95665;D24;C;Resposta Objetiva;M3P;123.731;-0.55165;0.14868;;
2021;MT;5;6;7;94962;D18;D;Resposta Objetiva;M3P;123.873;-0.49931;0.12375;;
2021;MT;5;6;8;95600;D16;D;Resposta Objetiva;M3P;108.119;-0.89515;0.11319;;
2021;MT;5;6;9;95513;D8;B;Resposta Objetiva;M3P;109.959;-0.60165;0.11776;;
2021;MT;5;6;10;65902;D12;X;Resposta Objetiva;M3P;;;;;
2021;MT;5;6;11;95198;D26;A;Resposta Objetiva;M3P;217.062;-0.0543;0.11856;;
2021;MT;5;7;1;45994;D19;A;Resposta Objetiva;M3P;207.961;-0.65267;0.11793;;
2021;MT;5;7;2;95348;D28;B;Resposta Objetiva;M3P;0.98725;-169.102;0.09032;;
2021;MT;5;7;3;94994;D9;D;Resposta Objetiva;M3P;183.371;-0.4848;0.15836;;
2021;MT;5;7;4;95220;D1;B;Resposta Objetiva;M3P;111.655;-213.675;0.01248;;
2021;MT;5;7;5;96174;D13;C;Resposta Objetiva;M3P;185.287;-112.744;0.17987;;
2021;MT;5;7;6;95322;D17;A;Resposta Objetiva;M3P;155.641;-10.961;0.24794;;
2021;MT;5;7;7;28250;D23;B;Resposta Objetiva;M3P;130.395;-0.99583;0.18276;;
2021;MT;5;7;8;46058;D5;A;Resposta Objetiva;M3P;147.402;0.32988;0.14807;;
2021;MT;5;7;9;69064;D11;B;Resposta Objetiva;M3P;10.397;-0.12017;0.15113;;
2021;MT;5;7;10;34791;D20;D;Resposta Objetiva;M3P;15.096;-120.328;0.14585;;
2021;MT;5;7;11;95718;D25;C;Resposta Objetiva;M3P;114.281;-10.356;0.14363;;
2021;MT;9;1;1;111022;D37;B;Resposta Objetiva;M3P;103.421;-12.212;0.1473;;
2021;MT;9;1;2;110254;D29;A;Resposta Objetiva;M3P;146.279;0.03251;0.17249;;
2021;MT;9;1;3;110754;D4;A;Resposta Objetiva;M3P;0.80136;0.18936;0.20274;;
2021;MT;9;1;4;45381;D23;B;Resposta Objetiva;M3P;0.91634;-0.78477;0.16476;;
2021;MT;9;1;5;45460;D36;A;Resposta Objetiva;M3P;123.135;-0.75529;0.0571;;
2021;MT;9;1;6;69239;D28;C;Resposta Objetiva;M3P;101.236;0.82765;0.19558;;
2021;MT;9;1;7;95297;D9;C;Resposta Objetiva;M3P;197.094;-0.87111;0.17608;;
2021;MT;9;1;8;95051;D2;D;Resposta Objetiva;M3P;102.226;-153.633;0.12072;;
2021;MT;9;1;9;94962;D18;D;Resposta Objetiva;M3P;110.835;-0.87162;0.11773;;
2021;MT;9;1;10;110953;D34;D;Resposta Objetiva;M3P;0.86777;0.77544;0.22339;;
2021;MT;9;1;11;109916;D7;C;Resposta Objetiva;M3P;178.963;0.90439;0.20372;;
2021;MT;9;1;12;110042;D13;C;Resposta Objetiva;M3P;209.243;109.752;0.23196;;
2021;MT;9;1;13;28938;D30;B;Resposta Objetiva;M3P;0.88224;0.76245;0.24908;;
2021;MT;9;2;1;111299;D33;D;Resposta Objetiva;M3P;0.90344;-110.956;0.16165;;
2021;MT;9;2;2;67422;D14;A;Resposta Objetiva;M3P;0.75819;0.04924;0.15805;;
2021;MT;9;2;3;110417;D28;A;Resposta Objetiva;M3P;0.94835;0.09289;0.25938;;
2021;MT;9;2;4;28448;D25;D;Resposta Objetiva;M3P;121.858;-103.289;0.08462;;
2021;MT;9;2;5;28041;D19;D;Resposta Objetiva;M3P;102.211;-0.51454;0.00877;;
2021;MT;9;2;6;70371;D1;B;Resposta Objetiva;M3P;111.776;0.65247;0.1964;;
2021;MT;9;2;7;94898;D27;B;Resposta Objetiva;M3P;0.90255;-147.455;0.11764;;
2021;MT;9;2;8;34779;D15;C;Resposta Objetiva;M3P;171.236;-0.3155;0.17349;;
2021;MT;9;2;9;95277;D8;C;Resposta Objetiva;M3P;118.878;-0.83867;0.19695;;
2021;MT;9;2;10;109914;D10;D;Resposta Objetiva;M3P;0.80637;108.248;0.12011;;
2021;MT;9;2;11;110516;D5;C;Resposta Objetiva;M3P;0.82843;0.83329;0.34822;;
2021;MT;9;2;12;65946;D13;C;Resposta Objetiva;M3P;204.453;0.64552;0.22405;;
2021;MT;9;2;13;46380;D11;B;Resposta Objetiva;M3P;133.937;129.827;0.16162;;
2021;MT;9;3;1;111359;D34;A;Resposta Objetiva;M3P;114.903;-0.49162;0.16626;;
2021;MT;9;3;2;109513;D12;A;Resposta Objetiva;M3P;248.517;0.84713;0.30516;;
2021;MT;9;3;3;109515;D2;D;Resposta Objetiva;M3P;112.017;0.13966;0.18703;;
2021;MT;9;3;4;22348;D36;C;Resposta Objetiva;M3P;0.92372;-126.832;0.18311;;
2021;MT;9;3;5;45421;D23;B;Resposta Objetiva;M3P;10.143;-0.3704;0.25186;;
2021;MT;9;3;6;46520;D6;D;Resposta Objetiva;M3P;15.626;0.51939;0.06101;;
2021;MT;9;3;7;22504;D22;B;Resposta Objetiva;M3P;108.577;-152.471;0.21219;;
2021;MT;9;3;8;95024;D20;A;Resposta Objetiva;M3P;17.692;-0.64468;0.12071;;
2021;MT;9;3;9;95600;D16;D;Resposta Objetiva;M3P;121.003;-0.08416;0.21967;;
2021;MT;9;3;10;111140;D33;D;Resposta Objetiva;M3P;0.93303;0.09386;0.10937;;
2021;MT;9;3;11;103238;D10;B;Resposta Objetiva;M3P;0.88721;0.94409;0.15464;;
2021;MT;9;3;12;109980;D32;C;Resposta Objetiva;M3P;143.061;106.694;0.25036;;
2021;MT;9;3;13;65992;D14;C;Resposta Objetiva;M3P;126.996;0.75499;0.23482;;
2021;MT;9;4;1;109873;D2;D;Resposta Objetiva;M3P;0.91517;-0.37788;0.16982;;
2021;MT;9;4;2;112292;D24;A;Resposta Objetiva;M3P;110.939;0.04038;0.34448;;
2021;MT;9;4;3;109757;D29;A;Resposta Objetiva;M3P;139.609;0.28468;0.1392;;
2021;MT;9;4;4;45407;D37;B;Resposta Objetiva;M3P;0.90399;-130.108;0.01369;;
2021;MT;9;4;5;38313;D20;B;Resposta Objetiva;M3P;191.484;-0.15519;0.17979;;
2021;MT;9;4;6;34969;D26;A;Resposta Objetiva;M3P;0.82857;0.50509;0.20933;;
2021;MT;9;4;7;95282;D10;B;Resposta Objetiva;M3P;0.90444;-131.259;0.15557;;
2021;MT;9;4;8;95374;D14;B;Resposta Objetiva;M3P;1.349;-0.86312;0.17173;;
2021;MT;9;4;9;28463;D7;C;Resposta Objetiva;M3P;147.993;-0.42951;0.30412;;
2021;MT;9;4;10;70499;D31;A;Resposta Objetiva;M3P;0.84448;150.043;0.20683;;
2021;MT;9;4;11;110296;D7;D;Resposta Objetiva;M3P;17.646;0.98434;0.17627;;
2021;MT;9;4;12;109256;D4;B;Resposta Objetiva;M3P;146.592;100.164;0.28932;;
2021;MT;9;4;13;112372;D32;A;Resposta Objetiva;M3P;195.615;10.615;0.1858;;
2021;MT;9;5;1;47013;D24;D;Resposta Objetiva;M3P;0.84074;202.033;0.18903;;
2021;MT;9;5;2;22358;D16;C;Resposta Objetiva;M3P;228.297;-0.41723;0.22754;;
2021;MT;9;5;3;109872;D29;A;Resposta Objetiva;M3P;112.503;-0.06421;0.14448;;
2021;MT;9;5;4;38308;D23;C;Resposta Objetiva;M3P;0.8387;-14.018;0.00886;;
2021;MT;9;5;5;22191;D37;C;Resposta Objetiva;M3P;130.565;-0.30106;0.20291;;
2021;MT;9;5;6;65438;D20;B;Resposta Objetiva;M3P;173.192;0.19701;0.19547;;
2021;MT;9;5;7;95545;D28;D;Resposta Objetiva;M3P;115.017;-130.052;0.11188;;
2021;MT;9;5;8;34802;D25;C;Resposta Objetiva;M3P;121.109;-0.95661;0.15183;;
2021;MT;9;5;9;34835;D24;A;Resposta Objetiva;M3P;165.757;0.15115;0.21504;;
2021;MT;9;5;10;109581;D3;D;Resposta Objetiva;M3P;137.498;0.42862;0.15785;;
2021;MT;9;5;11;110581;D4;D;Resposta Objetiva;M3P;0.6378;0.73059;0.15326;;
2021;MT;9;5;12;46121;D11;B;Resposta Objetiva;M3P;174.889;114.739;0.12081;;
2021;MT;9;5;13;112432;D18;B;Resposta Objetiva;M3P;123.094;106.042;0.25517;;
2021;MT;9;6;1;46114;D22;A;Resposta Objetiva;M3P;106.721;-0.25214;0.16993;;
2021;MT;9;6;2;67305;D13;B;Resposta Objetiva;M3P;0.71986;-0.08825;0.1667;;
2021;MT;9;6;3;34936;D9;C;Resposta Objetiva;M3P;128.042;0.98012;0.32975;;
2021;MT;9;6;4;65597;D20;C;Resposta Objetiva;M3P;162.609;-0.09316;0.2319;;
2021;MT;9;6;5;45455;D37;D;Resposta Objetiva;M3P;148.482;-141.197;0.00208;;
2021;MT;9;6;6;28861;D26;B;Resposta Objetiva;M3P;132.446;0.23487;0.27238;;
2021;MT;9;6;7;95372;D14;C;Resposta Objetiva;M3P;1.733;-131.378;0.2019;;
2021;MT;9;6;8;28250;D23;B;Resposta Objetiva;M3P;130.395;-0.99583;0.18276;;
2021;MT;9;6;9;22393;D6;C;Resposta Objetiva;M3P;0.68954;-0.20473;0.19622;;
2021;MT;9;6;10;110174;D3;D;Resposta Objetiva;M3P;0.82396;0.71778;0.20652;;
2021;MT;9;6;11;110496;D28;A;Resposta Objetiva;M3P;143.145;0.99128;0.22806;;
2021;MT;9;6;12;110352;D10;B;Resposta Objetiva;M3P;175.947;105.188;0.23443;;
2021;MT;9;6;13;47085;D21;A;Resposta Objetiva;M3P;110.331;0.74544;0.28001;;
2021;MT;9;7;1;66364;D16;C;Resposta Objetiva;M3P;122.069;-0.26892;0.1598;;
2021;MT;9;7;2;110466;D36;B;Resposta Objetiva;M3P;12.623;-0.13708;0.13656;;
2021;MT;9;7;3;46383;D21;X;Resposta Objetiva;M3P;;;;;
2021;MT;9;7;4;45428;D37;C;Resposta Objetiva;M3P;0.90947;-15.578;0.00286;;
2021;MT;9;7;5;34891;D1;D;Resposta Objetiva;M3P;0.91121;-0.03856;0.11022;;
2021;MT;9;7;6;47087;D22;D;Resposta Objetiva;M3P;124.563;0.66739;0.16433;;
2021;MT;9;7;7;95718;D25;C;Resposta Objetiva;M3P;114.281;-10.356;0.14363;;
2021;MT;9;7;8;34815;D3;A;Resposta Objetiva;M3P;0.74538;-10.182;0.21948;;
2021;MT;9;7;9;28709;D20;D;Resposta Objetiva;M3P;137.853;-0.11616;0.25766;;
2021;MT;9;7;10;109731;D29;D;Resposta Objetiva;M3P;0.90623;0.64342;0.236;;
2021;MT;9;7;11;110193;D12;B;Resposta Objetiva;M3P;182.408;0.46123;0.26666;;
2021;MT;9;7;12;111357;D8;D;Resposta Objetiva;M3P;112.356;104.683;0.23116;;
2021;MT;9;7;13;46644;D35;A;Resposta Objetiva;M3P;0.55305;193.273;0.25893;;
2021;MT;12;1;1;111355;D34;E;Resposta Objetiva;M3P;10.172;-0.51093;0.14113;;
2021;MT;12;1;2;28613;D2;B;Resposta Objetiva;M3P;169.951;11.246;0.14626;;
2021;MT;12;1;3;110117;D12;C;Resposta Objetiva;M3P;0.94822;0.83553;0.14052;;
2021;MT;12;1;4;22365;D21;D;Resposta Objetiva;M3P;0.81392;0.06538;0.1013;;
2021;MT;12;1;5;45554;D22;C;Resposta Objetiva;M3P;100.115;-0.04698;0.11761;;
2021;MT;12;1;6;28611;D5;D;Resposta Objetiva;M3P;0.64231;0.33122;0.0884;;
2021;MT;12;1;7;111022;D37;B;Resposta Objetiva;M3P;103.421;-12.212;0.1473;;
2021;MT;12;1;8;111140;D33;D;Resposta Objetiva;M3P;0.93303;0.09386;0.10937;;
2021;MT;12;1;9;110754;D4;A;Resposta Objetiva;M3P;0.80136;0.18936;0.20274;;
2021;MT;12;1;10;110658;D25;C;Resposta Objetiva;M3P;27.288;164.551;0.23113;;
2021;MT;12;1;11;102826;D16;D;Resposta Objetiva;M3P;181.113;17.345;0.07936;;
2021;MT;12;1;12;111009;D28;C;Resposta Objetiva;M3P;227.415;176.696;0.14309;;
2021;MT;12;1;13;102835;D8;A;Resposta Objetiva;M3P;264.256;192.949;0.1719;;
2021;MT;12;2;1;111074;D35;D;Resposta Objetiva;M3P;0.77108;-0.98818;0.17886;;
2021;MT;12;2;2;102842;D12;A;Resposta Objetiva;M3P;0.79044;154.202;0.22278;;
2021;MT;12;2;3;110696;D21;C;Resposta Objetiva;M3P;126.021;11.694;0.13448;;
2021;MT;12;2;4;45526;D34;E;Resposta Objetiva;M3P;119.978;-0.19527;0.04872;;
2021;MT;12;2;5;22197;D4;D;Resposta Objetiva;M3P;0.92943;0.15947;0.09191;;
2021;MT;12;2;6;66305;D11;B;Resposta Objetiva;M3P;132.054;105.997;0.17442;;
2021;MT;12;2;7;111299;D33;D;Resposta Objetiva;M3P;0.90344;-110.956;0.16165;;
2021;MT;12;2;8;110417;D28;A;Resposta Objetiva;M3P;0.94835;0.09289;0.25938;;
2021;MT;12;2;9;34936;D9;C;Resposta Objetiva;M3P;125.626;0.56398;0.32683;;
2021;MT;12;2;10;111209;D17;C;Resposta Objetiva;M3P;0.88535;0.81668;0.31608;;
2021;MT;12;2;11;110012;D32;B;Resposta Objetiva;M3P;111.388;182.988;0.16087;;
2021;MT;12;2;12;102875;D5;C;Resposta Objetiva;M3P;1.144;193.159;0.18279;;
2021;MT;12;2;13;110612;D16;A;Resposta Objetiva;M3P;0.74625;109.251;0.17954;;
2021;MT;12;3;1;110739;D35;A;Resposta Objetiva;M3P;114.931;-134.199;0.00983;;
2021;MT;12;3;2;109594;D15;C;Resposta Objetiva;M3P;148.364;105.467;0.09388;;
2021;MT;12;3;3;111281;D2;B;Resposta Objetiva;M3P;229.461;118.399;0.30238;;
2021;MT;12;3;4;70455;D19;A;Resposta Objetiva;M3P;0.99613;0.09196;0.23444;;
2021;MT;12;3;5;28009;D3;E;Resposta Objetiva;M3P;0.69431;-0.25208;0.09227;;
2021;MT;12;3;6;70488;D14;C;Resposta Objetiva;M3P;220.591;100.524;0.11417;;
2021;MT;12;3;7;111359;D34;A;Resposta Objetiva;M3P;114.903;-0.49162;0.16626;;
2021;MT;12;3;8;67422;D14;A;Resposta Objetiva;M3P;100.883;0.61944;0.22583;;
2021;MT;12;3;9;46383;D21;A;Resposta Objetiva;M3P;197.284;20.508;0.1689;;
2021;MT;12;3;10;111349;D18;C;Resposta Objetiva;M3P;237.479;150.399;0.24091;;
2021;MT;12;3;11;110750;D26;D;Resposta Objetiva;M3P;0.75581;196.341;0.16029;;
2021;MT;12;3;12;110398;D24;B;Resposta Objetiva;M3P;287.919;147.125;0.11094;;
2021;MT;12;3;13;102909;D21;E;Resposta Objetiva;M3P;100.488;0.00759;0.13032;;
2021;MT;12;4;1;111377;D35;C;Resposta Objetiva;M3P;0.995;-0.58465;0.19461;;
2021;MT;12;4;2;65843;D18;B;Resposta Objetiva;M3P;136.033;0.89052;0.17129;;
2021;MT;12;4;3;66020;D31;A;Resposta Objetiva;M3P;0.61968;130.278;0.22055;;
2021;MT;12;4;4;22314;D23;A;Resposta Objetiva;M3P;203.178;0.68471;0.12317;;
2021;MT;12;4;5;29891;D20;D;Resposta Objetiva;M3P;0.68927;-0.58808;0.00721;;
2021;MT;12;4;6;47239;D15;B;Resposta Objetiva;M3P;155.384;0.15483;0.2818;;
2021;MT;12;4;7;22358;D16;C;Resposta Objetiva;M3P;228.297;-0.41723;0.22754;;
2021;MT;12;4;8;112292;D24;A;Resposta Objetiva;M3P;110.939;0.04038;0.34448;;
2021;MT;12;4;9;110174;D3;D;Resposta Objetiva;M3P;0.82396;0.71778;0.20652;;
2021;MT;12;4;10;111020;D24;E;Resposta Objetiva;M3P;236.607;152.833;0.11107;;
2021;MT;12;4;11;109864;D13;C;Resposta Objetiva;M3P;243.326;194.625;0.1949;;
2021;MT;12;4;12;110554;D25;D;Resposta Objetiva;M3P;0.73383;24.444;0.26985;;
2021;MT;12;4;13;103177;D32;B;Resposta Objetiva;M3P;200.837;232.358;0.11336;;
2021;MT;12;5;1;111038;D34;C;Resposta Objetiva;M3P;0.94582;-13.926;0.00945;;
2021;MT;12;5;2;110758;D29;E;Resposta Objetiva;M3P;246.711;0.9043;0.14063;;
2021;MT;12;5;3;109698;D30;D;Resposta Objetiva;M3P;216.472;198.654;0.27141;;
2021;MT;12;5;4;22311;D35;E;Resposta Objetiva;M3P;0.75715;-0.82459;0.00602;;
2021;MT;12;5;5;45551;D5;D;Resposta Objetiva;M3P;145.002;144.607;0.21236;;
2021;MT;12;5;6;70457;D19;E;Resposta Objetiva;M3P;0.91886;0.68543;0.12604;;
2021;MT;12;5;7;109873;D2;D;Resposta Objetiva;M3P;0.91517;-0.37788;0.16982;;
2021;MT;12;5;8;109872;D29;A;Resposta Objetiva;M3P;112.503;-0.06421;0.14448;;
2021;MT;12;5;9;109513;D12;A;Resposta Objetiva;M3P;248.517;0.84713;0.30516;;
2021;MT;12;5;10;110714;D23;B;Resposta Objetiva;M3P;121.403;214.826;0.25034;;
2021;MT;12;5;11;102924;D33;B;Resposta Objetiva;M3P;126.137;0.51862;0.18925;;
2021;MT;12;5;12;22317;D2;D;Resposta Objetiva;M3P;104.168;131.544;0.26117;;
2021;MT;12;5;13;110713;D31;B;Resposta Objetiva;M3P;107.333;150.061;0.24337;;
2021;MT;12;6;1;110632;D34;C;Resposta Objetiva;M3P;0.81802;-0.43313;0.17707;;
2021;MT;12;6;2;68900;D16;D;Resposta Objetiva;M3P;114.944;0.77639;0.11714;;
2021;MT;12;6;3;110929;D9;D;Resposta Objetiva;M3P;131.267;13.336;0.16274;;
2021;MT;12;6;4;45522;D20;C;Resposta Objetiva;M3P;0.99134;-100.752;0.0157;;
2021;MT;12;6;5;70496;D14;A;Resposta Objetiva;M3P;102.288;0.55381;0.12423;;
2021;MT;12;6;6;28860;D23;B;Resposta Objetiva;M3P;113.973;0.54226;0.07752;;
2021;MT;12;6;7;46114;D22;A;Resposta Objetiva;M3P;106.721;-0.25214;0.16993;;
2021;MT;12;6;8;110516;D5;C;Resposta Objetiva;M3P;0.82843;0.83329;0.34822;;
2021;MT;12;6;9;67305;D13;B;Resposta Objetiva;M3P;0.71986;-0.08825;0.1667;;
2021;MT;12;6;10;109431;D17;A;Resposta Objetiva;M3P;114.506;147.229;0.18771;;
2021;MT;12;6;11;103149;D33;C;Resposta Objetiva;M3P;122.969;0.8406;0.2032;;
2021;MT;12;6;12;110378;D7;E;Resposta Objetiva;M3P;0.94621;201.439;0.10537;;
2021;MT;12;6;13;109959;D13;B;Resposta Objetiva;M3P;154.079;223.585;0.21477;;
2021;MT;12;7;1;112332;D6;A;Resposta Objetiva;M3P;117.114;0.01963;0.15224;;
2021;MT;12;7;2;111352;D12;D;Resposta Objetiva;M3P;0.74984;139.346;0.21955;;
2021;MT;12;7;3;110822;D19;B;Resposta Objetiva;M3P;268.532;0.73705;0.14484;;
2021;MT;12;7;4;69766;D3;A;Resposta Objetiva;M3P;0.38588;-131.551;0.01494;;
2021;MT;12;7;5;69169;D20;A;Resposta Objetiva;M3P;0.9061;0.47797;0.24497;;
2021;MT;12;7;6;65885;D18;B;Resposta Objetiva;M3P;181.317;0.60901;0.17887;;
2021;MT;12;7;7;66364;D16;C;Resposta Objetiva;M3P;122.069;-0.26892;0.1598;;
2021;MT;12;7;8;110466;D36;B;Resposta Objetiva;M3P;12.623;-0.13708;0.13656;;
2021;MT;12;7;9;103238;D10;B;Resposta Objetiva;M3P;0.88721;0.94409;0.15464;;
2021;MT;12;7;10;111039;D15;B;Resposta Objetiva;M3P;0.84933;209.747;0.19888;;
2021;MT;12;7;11;47129;D11;D;Resposta Objetiva;M3P;103.686;10.611;0.14021;;
2021;MT;12;7;12;110955;D27;D;Resposta Objetiva;M3P;0.96056;20.959;0.27066;;
2021;MT;12;7;13;102866;D8;E;Resposta Objetiva;M3P;138.253;186.405;0.20843;;
